what,kind,bundleId,bundleVersion,description,time
executed,command,org.eclipse.ui,3.5.1.M20090902-1000,"org.eclipse.ui.edit.paste",1317591345866
executed,command,org.eclipse.ui,3.5.1.M20090902-1000,"org.eclipse.ui.file.save",1317591352284
deactivated,workbench,org.eclipse.ui.workbench,3.5.1.M20090826-0800a,"",1317591353212
activated,workbench,org.eclipse.ui.workbench,3.5.1.M20090826-0800a,"",1317591354182
executed,command,org.eclipse.ui,3.5.1.M20090902-1000,"org.eclipse.ui.edit.copy",1317591369684
executed,command,org.eclipse.ui,3.5.1.M20090902-1000,"org.eclipse.ui.edit.paste",1317591379262
executed,command,org.eclipse.ui.workbench.texteditor,3.5.0.v20090603,"org.eclipse.ui.edit.text.smartEnter",1317591380785
executed,command,org.eclipse.ui,3.5.1.M20090902-1000,"org.eclipse.ui.edit.copy",1317591397296
executed,command,org.eclipse.ui,3.5.1.M20090902-1000,"org.eclipse.ui.edit.paste",1317591400054
executed,command,org.eclipse.ui,3.5.1.M20090902-1000,"org.eclipse.ui.file.save",1317591402098
executed,command,org.eclipse.ui,3.5.1.M20090902-1000,"org.eclipse.ui.file.save",1317591412031
deactivated,workbench,org.eclipse.ui.workbench,3.5.1.M20090826-0800a,"",1317591416935
activated,workbench,org.eclipse.ui.workbench,3.5.1.M20090826-0800a,"",1317591418656
executed,command,org.eclipse.ui,3.5.1.M20090902-1000,"org.eclipse.ui.edit.copy",1317591450391
executed,command,org.eclipse.ui,3.5.1.M20090902-1000,"org.eclipse.ui.edit.paste",1317591452071
executed,command,org.eclipse.ui.workbench.texteditor,3.5.0.v20090603,"org.eclipse.ui.edit.text.smartEnter",1317591459223
deactivated,workbench,org.eclipse.ui.workbench,3.5.1.M20090826-0800a,"",1317591466315
activated,workbench,org.eclipse.ui.workbench,3.5.1.M20090826-0800a,"",1317591467082
executed,command,org.eclipse.ui,3.5.1.M20090902-1000,"org.eclipse.ui.edit.copy",1317591488464
executed,command,org.eclipse.ui,3.5.1.M20090902-1000,"org.eclipse.ui.file.save",1317591496503
executed,command,org.eclipse.ui,3.5.1.M20090902-1000,"org.eclipse.ui.edit.paste",1317591498314
deactivated,workbench,org.eclipse.ui.workbench,3.5.1.M20090826-0800a,"",1317591498407
activated,workbench,org.eclipse.ui.workbench,3.5.1.M20090826-0800a,"",1317591500589
executed,command,org.eclipse.ui,3.5.1.M20090902-1000,"org.eclipse.ui.file.save",1317591511475
executed,command,org.eclipse.ui,3.5.1.M20090902-1000,"org.eclipse.ui.file.save",1317591542086
activated,view,org.eclipse.ui.console,3.4.0.v20090513,"org.eclipse.ui.console.ConsoleView",1317591553628
activated,editor,org.eclipse.jdt.ui,3.5.2.r352_v20100106-0800,"org.eclipse.jdt.ui.CompilationUnitEditor",1317591582762
executed,command,org.eclipse.ui,3.5.1.M20090902-1000,"org.eclipse.ui.edit.copy",1317591591057
executed,command,org.eclipse.ui,3.5.1.M20090902-1000,"org.eclipse.ui.edit.paste",1317591591956
executed,command,org.eclipse.ui,3.5.1.M20090902-1000,"org.eclipse.ui.edit.copy",1317591597642
executed,command,org.eclipse.ui,3.5.1.M20090902-1000,"org.eclipse.ui.edit.paste",1317591598392
executed,command,org.eclipse.ui,3.5.1.M20090902-1000,"org.eclipse.ui.edit.paste",1317591612718
executed,command,org.eclipse.ui,3.5.1.M20090902-1000,"org.eclipse.ui.file.save",1317591617491
executed,command,org.eclipse.ui,3.5.1.M20090902-1000,"org.eclipse.ui.file.save",1317591681008
executed,command,org.eclipse.ui,3.5.1.M20090902-1000,"org.eclipse.ui.edit.cut",1317591716311
executed,command,org.eclipse.ui,3.5.1.M20090902-1000,"org.eclipse.ui.edit.paste",1317591753047
executed,command,org.eclipse.ui,3.5.1.M20090902-1000,"org.eclipse.ui.file.save",1317591756949
executed,command,org.eclipse.ui,3.5.1.M20090902-1000,"org.eclipse.ui.file.save",1317591794070
executed,command,org.eclipse.ui,3.5.1.M20090902-1000,"org.eclipse.ui.edit.copy",1317591843927
executed,command,org.eclipse.ui,3.5.1.M20090902-1000,"org.eclipse.ui.edit.paste",1317591846795
executed,command,org.eclipse.ui,3.5.1.M20090902-1000,"org.eclipse.ui.edit.paste",1317591851432
executed,command,org.eclipse.ui,3.5.1.M20090902-1000,"org.eclipse.ui.file.save",1317591854936
executed,command,org.eclipse.ui,3.5.1.M20090902-1000,"org.eclipse.ui.file.save",1317591874003
executed,command,org.eclipse.ui,3.5.1.M20090902-1000,"org.eclipse.ui.file.save",1317591882625
executed,command,org.eclipse.ui,3.5.1.M20090902-1000,"org.eclipse.ui.file.save",1317591894571
activated,view,org.eclipse.ui.console,3.4.0.v20090513,"org.eclipse.ui.console.ConsoleView",1317591905093
activated,editor,org.eclipse.jdt.ui,3.5.2.r352_v20100106-0800,"org.eclipse.jdt.ui.CompilationUnitEditor",1317591910236
executed,command,org.eclipse.ui,3.5.1.M20090902-1000,"org.eclipse.ui.file.save",1317591948777
activated,view,org.eclipse.ui.console,3.4.0.v20090513,"org.eclipse.ui.console.ConsoleView",1317591956700
activated,editor,org.eclipse.jdt.ui,3.5.2.r352_v20100106-0800,"org.eclipse.jdt.ui.CompilationUnitEditor",1317592001155
executed,command,org.eclipse.ui,3.5.1.M20090902-1000,"org.eclipse.ui.file.save",1317592019472
executed,command,org.eclipse.ui,3.5.1.M20090902-1000,"org.eclipse.ui.file.save",1317592031575
executed,command,,,"AUTOGEN:::org.eclipse.jdt.internal.ui.CompilationUnitEditor.ruler.actions/org.eclipse.jdt.internal.ui.javaeditor.JavaSelectRulerAction",1317592035071
executed,command,org.eclipse.ui,3.5.1.M20090902-1000,"org.eclipse.ui.file.save",1317592043733
executed,command,org.eclipse.ui,3.5.1.M20090902-1000,"org.eclipse.ui.file.save",1317592084428
deactivated,workbench,org.eclipse.ui.workbench,3.5.1.M20090826-0800a,"",1317592199859
activated,workbench,org.eclipse.ui.workbench,3.5.1.M20090826-0800a,"",1317592201920
executed,command,org.eclipse.ui,3.5.1.M20090902-1000,"org.eclipse.ui.file.save",1317592232254
executed,command,org.eclipse.ui,3.5.1.M20090902-1000,"org.eclipse.ui.edit.undo",1317592249842
executed,command,org.eclipse.ui,3.5.1.M20090902-1000,"org.eclipse.ui.edit.undo",1317592250455
executed,command,org.eclipse.ui,3.5.1.M20090902-1000,"org.eclipse.ui.file.save",1317592251269
deactivated,workbench,org.eclipse.ui.workbench,3.5.1.M20090826-0800a,"",1317592251405
activated,workbench,org.eclipse.ui.workbench,3.5.1.M20090826-0800a,"",1317592718771
deactivated,workbench,org.eclipse.ui.workbench,3.5.1.M20090826-0800a,"",1317592719574
activated,workbench,org.eclipse.ui.workbench,3.5.1.M20090826-0800a,"",1317592721092
deactivated,workbench,org.eclipse.ui.workbench,3.5.1.M20090826-0800a,"",1317592723793
activated,workbench,org.eclipse.ui.workbench,3.5.1.M20090826-0800a,"",1317592741412
executed,command,org.eclipse.ui,3.5.1.M20090902-1000,"org.eclipse.ui.file.save",1317592767107
executed,command,org.eclipse.ui,3.5.1.M20090902-1000,"org.eclipse.ui.file.save",1317592772734
executed,command,org.eclipse.ui,3.5.1.M20090902-1000,"org.eclipse.ui.file.save",1317592778467
deactivated,workbench,org.eclipse.ui.workbench,3.5.1.M20090826-0800a,"",1317592801282
activated,workbench,org.eclipse.ui.workbench,3.5.1.M20090826-0800a,"",1317592813524
executed,command,org.eclipse.ui,3.5.1.M20090902-1000,"org.eclipse.ui.edit.undo",1317592851500
executed,command,org.eclipse.ui,3.5.1.M20090902-1000,"org.eclipse.ui.edit.undo",1317592852118
executed,command,org.eclipse.ui,3.5.1.M20090902-1000,"org.eclipse.ui.edit.undo",1317592852318
executed,command,org.eclipse.ui,3.5.1.M20090902-1000,"org.eclipse.ui.edit.copy",1317592889289
executed,command,org.eclipse.ui,3.5.1.M20090902-1000,"org.eclipse.ui.edit.paste",1317592892566
executed,command,org.eclipse.ui.workbench.texteditor,3.5.0.v20090603,"org.eclipse.ui.edit.text.smartEnter",1317592900794
executed,command,org.eclipse.ui,3.5.1.M20090902-1000,"org.eclipse.ui.edit.copy",1317592905640
executed,command,org.eclipse.ui,3.5.1.M20090902-1000,"org.eclipse.ui.edit.paste",1317592907685
executed,command,org.eclipse.ui,3.5.1.M20090902-1000,"org.eclipse.ui.file.save",1317592914341
executed,command,org.eclipse.ui,3.5.1.M20090902-1000,"org.eclipse.ui.file.save",1317592915533
executed,command,org.eclipse.ui,3.5.1.M20090902-1000,"org.eclipse.ui.file.save",1317593042591
deactivated,workbench,org.eclipse.ui.workbench,3.5.1.M20090826-0800a,"",1317594099687
activated,workbench,org.eclipse.ui.workbench,3.5.1.M20090826-0800a,"",1317594121578
executed,command,org.eclipse.ui,3.5.1.M20090902-1000,"org.eclipse.ui.edit.copy",1317594158268
executed,command,org.eclipse.ui,3.5.1.M20090902-1000,"org.eclipse.ui.edit.paste",1317594161205
executed,command,org.eclipse.ui,3.5.1.M20090902-1000,"org.eclipse.ui.edit.delete",1317594182240
executed,command,org.eclipse.ui,3.5.1.M20090902-1000,"org.eclipse.ui.edit.delete",1317594182390
executed,command,org.eclipse.ui,3.5.1.M20090902-1000,"org.eclipse.ui.edit.delete",1317594182527
executed,command,org.eclipse.ui,3.5.1.M20090902-1000,"org.eclipse.ui.edit.delete",1317594182654
executed,command,org.eclipse.ui,3.5.1.M20090902-1000,"org.eclipse.ui.edit.delete",1317594182783
executed,command,org.eclipse.ui,3.5.1.M20090902-1000,"org.eclipse.ui.edit.undo",1317594185873
executed,command,org.eclipse.ui,3.5.1.M20090902-1000,"org.eclipse.ui.edit.undo",1317594186025
executed,command,org.eclipse.ui,3.5.1.M20090902-1000,"org.eclipse.ui.edit.undo",1317594186441
executed,command,org.eclipse.ui,3.5.1.M20090902-1000,"org.eclipse.ui.edit.undo",1317594186978
executed,command,org.eclipse.ui,3.5.1.M20090902-1000,"org.eclipse.ui.edit.copy",1317594205225
executed,command,org.eclipse.ui,3.5.1.M20090902-1000,"org.eclipse.ui.edit.paste",1317594207729
executed,command,org.eclipse.ui,3.5.1.M20090902-1000,"org.eclipse.ui.edit.copy",1317594225310
executed,command,org.eclipse.ui,3.5.1.M20090902-1000,"org.eclipse.ui.edit.paste",1317594227948
executed,command,org.eclipse.ui,3.5.1.M20090902-1000,"org.eclipse.ui.file.save",1317594236973
executed,command,org.eclipse.ui,3.5.1.M20090902-1000,"org.eclipse.ui.file.save",1317594244692
executed,command,org.eclipse.ui,3.5.1.M20090902-1000,"org.eclipse.ui.file.save",1317594246824
deactivated,workbench,org.eclipse.ui.workbench,3.5.1.M20090826-0800a,"",1317594263837
activated,workbench,org.eclipse.ui.workbench,3.5.1.M20090826-0800a,"",1317594576061
deactivated,workbench,org.eclipse.ui.workbench,3.5.1.M20090826-0800a,"",1317594579346
activated,workbench,org.eclipse.ui.workbench,3.5.1.M20090826-0800a,"",1317594631006
deactivated,workbench,org.eclipse.ui.workbench,3.5.1.M20090826-0800a,"",1317594782243
activated,workbench,org.eclipse.ui.workbench,3.5.1.M20090826-0800a,"",1317595079559
activated,editor,org.eclipse.jdt.ui,3.5.2.r352_v20100106-0800,"org.eclipse.jdt.ui.CompilationUnitEditor",1317595094855
executed,command,org.eclipse.ui,3.5.1.M20090902-1000,"org.eclipse.ui.edit.undo",1317595111096
activated,editor,org.eclipse.jdt.ui,3.5.2.r352_v20100106-0800,"org.eclipse.jdt.ui.CompilationUnitEditor",1317595114503
executed,command,org.eclipse.ui,3.5.1.M20090902-1000,"org.eclipse.ui.edit.copy",1317595133102
executed,command,org.eclipse.ui,3.5.1.M20090902-1000,"org.eclipse.ui.edit.paste",1317595134521
executed,command,org.eclipse.ui.workbench.texteditor,3.5.0.v20090603,"org.eclipse.ui.edit.text.smartEnter",1317595147677
executed,command,org.eclipse.ui,3.5.1.M20090902-1000,"org.eclipse.ui.edit.copy",1317595166010
executed,command,org.eclipse.ui,3.5.1.M20090902-1000,"org.eclipse.ui.edit.paste",1317595167542
executed,command,org.eclipse.ui,3.5.1.M20090902-1000,"org.eclipse.ui.edit.copy",1317595180210
executed,command,org.eclipse.ui,3.5.1.M20090902-1000,"org.eclipse.ui.edit.paste",1317595181206
deactivated,workbench,org.eclipse.ui.workbench,3.5.1.M20090826-0800a,"",1317595286163
activated,workbench,org.eclipse.ui.workbench,3.5.1.M20090826-0800a,"",1317595292322
deactivated,workbench,org.eclipse.ui.workbench,3.5.1.M20090826-0800a,"",1317595299322
activated,workbench,org.eclipse.ui.workbench,3.5.1.M20090826-0800a,"",1317595300633
deactivated,workbench,org.eclipse.ui.workbench,3.5.1.M20090826-0800a,"",1317596505407
activated,workbench,org.eclipse.ui.workbench,3.5.1.M20090826-0800a,"",1317596605617
activated,perspective,org.eclipse.jdt.ui,,"org.eclipse.jdt.ui.JavaPerspective",1317601688342
started,bundle,org.eclipse.osgi,3.5.1.R35x_v20090827,"org.eclipse.osgi",1317601688343
started,bundle,org.eclipse.equinox.simpleconfigurator,1.0.101.R35x_v20090807-1100,"org.eclipse.equinox.simpleconfigurator",1317601688344
started,bundle,com.ibm.icu,4.0.1.v20090822,"com.ibm.icu",1317601688345
started,bundle,org.eclipse.core.contenttype,3.4.1.R35x_v20090826-0451,"org.eclipse.core.contenttype",1317601688345
started,bundle,org.eclipse.core.databinding.observable,1.2.0.M20090902-0800,"org.eclipse.core.databinding.observable",1317601688346
started,bundle,org.eclipse.core.expressions,3.4.100.v20090429-1800,"org.eclipse.core.expressions",1317601688347
started,bundle,org.eclipse.core.filebuffers,3.5.0.v20090526-2000,"org.eclipse.core.filebuffers",1317601688358
started,bundle,org.eclipse.core.filesystem,1.2.0.v20090507,"org.eclipse.core.filesystem",1317601688358
started,bundle,org.eclipse.core.jobs,3.4.100.v20090429-1800,"org.eclipse.core.jobs",1317601688359
started,bundle,org.eclipse.core.net,1.2.1.r35x_20090812-1200,"org.eclipse.core.net",1317601688359
started,bundle,org.eclipse.core.resources,3.5.1.R35x_v20090826-0451,"org.eclipse.core.resources",1317601688360
started,bundle,org.eclipse.core.runtime,3.5.0.v20090525,"org.eclipse.core.runtime",1317601688361
started,bundle,org.eclipse.core.runtime.compatibility,3.2.0.v20090413,"org.eclipse.core.runtime.compatibility",1317601688361
started,bundle,org.eclipse.core.runtime.compatibility.auth,3.2.100.v20090413,"org.eclipse.core.runtime.compatibility.auth",1317601688361
started,bundle,org.eclipse.debug.core,3.5.0.v20090526-1600,"org.eclipse.debug.core",1317601688362
started,bundle,org.eclipse.ecf,3.0.0.v20090831-1906,"org.eclipse.ecf",1317601688363
started,bundle,org.eclipse.ecf.filetransfer,3.0.0.v20090831-1906,"org.eclipse.ecf.filetransfer",1317601688364
started,bundle,org.eclipse.ecf.identity,3.0.0.v20090831-1906,"org.eclipse.ecf.identity",1317601688364
started,bundle,org.eclipse.ecf.provider.filetransfer,3.0.1.v20090831-1906,"org.eclipse.ecf.provider.filetransfer",1317601688365
started,bundle,org.eclipse.ecf.provider.filetransfer.httpclient,3.0.1.v20090831-1906,"org.eclipse.ecf.provider.filetransfer.httpclient",1317601688366
started,bundle,org.eclipse.equinox.app,1.2.0.v20090520-1800,"org.eclipse.equinox.app",1317601688366
started,bundle,org.eclipse.equinox.common,3.5.1.R35x_v20090807-1100,"org.eclipse.equinox.common",1317601688366
started,bundle,org.eclipse.equinox.ds,1.1.1.R35x_v20090806,"org.eclipse.equinox.ds",1317601688367
started,bundle,org.eclipse.equinox.frameworkadmin,1.0.100.v20090520-1905,"org.eclipse.equinox.frameworkadmin",1317601688367
started,bundle,org.eclipse.equinox.frameworkadmin.equinox,1.0.100.v20090520-1905,"org.eclipse.equinox.frameworkadmin.equinox",1317601688368
started,bundle,org.eclipse.equinox.p2.core,1.0.101.R35x_v20090819,"org.eclipse.equinox.p2.core",1317601688368
started,bundle,org.eclipse.equinox.p2.director,1.0.100.v20090520-1905,"org.eclipse.equinox.p2.director",1317601688369
started,bundle,org.eclipse.equinox.p2.directorywatcher,1.0.100.v20090525,"org.eclipse.equinox.p2.directorywatcher",1317601688369
started,bundle,org.eclipse.equinox.p2.engine,1.0.101.R35x_v20090825,"org.eclipse.equinox.p2.engine",1317601688370
started,bundle,org.eclipse.equinox.p2.exemplarysetup,1.0.100.v20090520-1905,"org.eclipse.equinox.p2.exemplarysetup",1317601688370
started,bundle,org.eclipse.equinox.p2.garbagecollector,1.0.100.v20090520-1905,"org.eclipse.equinox.p2.garbagecollector",1317601688371
started,bundle,org.eclipse.equinox.p2.metadata.repository,1.0.101.R35x_v20090812,"org.eclipse.equinox.p2.metadata.repository",1317601688371
started,bundle,org.eclipse.equinox.p2.reconciler.dropins,1.0.100.v20090520-1905,"org.eclipse.equinox.p2.reconciler.dropins",1317601688372
started,bundle,org.eclipse.equinox.p2.repository,1.0.1.v20090901-1041,"org.eclipse.equinox.p2.repository",1317601688374
started,bundle,org.eclipse.equinox.p2.ui.sdk.scheduler,1.0.0.v20090520-1905,"org.eclipse.equinox.p2.ui.sdk.scheduler",1317601688374
started,bundle,org.eclipse.equinox.p2.updatechecker,1.1.0.v20090520-1905,"org.eclipse.equinox.p2.updatechecker",1317601688375
started,bundle,org.eclipse.equinox.preferences,3.2.300.v20090520-1800,"org.eclipse.equinox.preferences",1317601688375
started,bundle,org.eclipse.equinox.registry,3.4.100.v20090520-1800,"org.eclipse.equinox.registry",1317601688376
started,bundle,org.eclipse.equinox.security,1.0.100.v20090520-1800,"org.eclipse.equinox.security",1317601688433
started,bundle,org.eclipse.equinox.simpleconfigurator.manipulator,1.0.100.v20090520-1905,"org.eclipse.equinox.simpleconfigurator.manipulator",1317601688434
started,bundle,org.eclipse.equinox.util,1.0.100.v20090520-1800,"org.eclipse.equinox.util",1317601688435
started,bundle,org.eclipse.help,3.4.1.v20090805_35x,"org.eclipse.help",1317601688435
started,bundle,org.eclipse.jdt.core.manipulation,1.3.0.v20090603,"org.eclipse.jdt.core.manipulation",1317601688438
started,bundle,org.eclipse.jdt.launching.macosx,3.2.0.v20090527,"org.eclipse.jdt.launching.macosx",1317601688438
started,bundle,org.eclipse.jface,3.5.1.M20090826-0800,"org.eclipse.jface",1317601688442
started,bundle,org.eclipse.jsch.core,1.1.100.I20090430-0408,"org.eclipse.jsch.core",1317601688442
started,bundle,org.eclipse.mylyn.commons.net,3.2.0.v20090617-0100-e3x,"org.eclipse.mylyn.commons.net",1317601688442
started,bundle,org.eclipse.search,3.5.1.r351_v20090708-0800,"org.eclipse.search",1317601688443
started,bundle,org.eclipse.team.core,3.5.0.I20090527-0620,"org.eclipse.team.core",1317601688443
started,bundle,org.eclipse.team.cvs.core,3.3.200.I20090430-0408,"org.eclipse.team.cvs.core",1317601688444
started,bundle,org.eclipse.team.ui,3.5.0.I20090430-0408,"org.eclipse.team.ui",1317601688498
started,bundle,org.eclipse.ui,3.5.1.M20090902-1000,"org.eclipse.ui",1317601688499
started,bundle,org.eclipse.ui.console,3.4.0.v20090513,"org.eclipse.ui.console",1317601688500
started,bundle,org.eclipse.ui.editors,3.5.0.v20090527-2000,"org.eclipse.ui.editors",1317601688501
started,bundle,org.eclipse.ui.forms,3.4.1.v20090714_35x,"org.eclipse.ui.forms",1317601688501
started,bundle,org.eclipse.ui.ide,3.5.1.M20090826-0800,"org.eclipse.ui.ide",1317601688522
started,bundle,org.eclipse.ui.net,1.2.1.r35x_20090812-1200,"org.eclipse.ui.net",1317601688523
started,bundle,org.eclipse.ui.views,3.4.1.M20090826-0800,"org.eclipse.ui.views",1317601688523
started,bundle,org.eclipse.ui.workbench,3.5.1.M20090826-0800a,"org.eclipse.ui.workbench",1317601688586
started,bundle,org.eclipse.ui.workbench.texteditor,3.5.0.v20090603,"org.eclipse.ui.workbench.texteditor",1317601688588
started,bundle,org.eclipse.update.configurator,3.3.0.v20090312,"org.eclipse.update.configurator",1317601688588
started,bundle,org.eclipse.update.core,3.2.300.v20090525,"org.eclipse.update.core",1317601688589
started,bundle,org.eclipse.update.scheduler,3.2.200.v20081127,"org.eclipse.update.scheduler",1317601688589
started,bundle,org.eclipse.epp.usagedata.gathering,1.1.1.R201001291118,"org.eclipse.epp.usagedata.gathering",1317601688590
started,bundle,org.eclipse.epp.usagedata.recording,1.1.1.R201001291118,"org.eclipse.epp.usagedata.recording",1317601688590
started,bundle,org.eclipse.jdt.apt.core,3.3.202.R35x_v20091130-2300,"org.eclipse.jdt.apt.core",1317601688591
started,bundle,org.eclipse.jdt.core,3.5.2.v_981_R35x,"org.eclipse.jdt.core",1317601688646
started,bundle,org.eclipse.jdt.launching,3.5.1.v20100108_r352,"org.eclipse.jdt.launching",1317601688647
started,bundle,org.eclipse.jdt.ui,3.5.2.r352_v20100106-0800,"org.eclipse.jdt.ui",1317601688669
started,bundle,org.eclipse.mylyn.bugzilla.core,3.2.3.v20100217-0100-e3x,"org.eclipse.mylyn.bugzilla.core",1317601688669
started,bundle,org.eclipse.mylyn.bugzilla.ui,3.2.3.v20100217-0100-e3x,"org.eclipse.mylyn.bugzilla.ui",1317601688670
started,bundle,org.eclipse.mylyn.commons.ui,3.2.3.v20100217-0100-e3x,"org.eclipse.mylyn.commons.ui",1317601688674
started,bundle,org.eclipse.mylyn.context.core,3.2.3.v20100217-0100-e3x,"org.eclipse.mylyn.context.core",1317601688675
started,bundle,org.eclipse.mylyn.context.ui,3.2.3.v20100217-0100-e3x,"org.eclipse.mylyn.context.ui",1317601688688
started,bundle,org.eclipse.mylyn.monitor.ui,3.2.3.v20100217-0100-e3x,"org.eclipse.mylyn.monitor.ui",1317601688689
started,bundle,org.eclipse.mylyn.tasks.ui,3.2.3.v20100217-0100-e3x,"org.eclipse.mylyn.tasks.ui",1317601688696
started,bundle,org.eclipse.mylyn.team.ui,3.2.3.v20100217-0100-e3x,"org.eclipse.mylyn.team.ui",1317601688696
started,bundle,org.eclipse.team.cvs.ui,3.3.202.r35x_20090930-0800,"org.eclipse.team.cvs.ui",1317601688697
os,sysinfo,,,"macosx",1317601688700
arch,sysinfo,,,"x86",1317601688700
ws,sysinfo,,,"cocoa",1317601688700
locale,sysinfo,,,"fr_FR",1317601688700
processors,sysinfo,,,"2",1317601688700
java.runtime.name,sysinfo,,,"Java(TM) 2 Runtime Environment, Standard Edition",1317601688700
java.runtime.version,sysinfo,,,"1.5.0_28-b04-382-9M3326",1317601688700
java.specification.name,sysinfo,,,"Java Platform API Specification",1317601688700
java.specification.vendor,sysinfo,,,"Sun Microsystems Inc.",1317601688700
java.specification.version,sysinfo,,,"1.5",1317601688700
java.vendor,sysinfo,,,"Apple Inc.",1317601688700
java.version,sysinfo,,,"1.5.0_28",1317601688700
java.vm.info,sysinfo,,,"mixed mode",1317601688700
java.vm.name,sysinfo,,,"Java HotSpot(TM) Client VM",1317601688700
java.vm.specification.name,sysinfo,,,"Java Virtual Machine Specification",1317601688700
java.vm.specification.vendor,sysinfo,,,"Sun Microsystems Inc.",1317601688700
java.vm.specification.version,sysinfo,,,"1.0",1317601688700
java.vm.vendor,sysinfo,,,"Apple Inc.",1317601688700
java.vm.version,sysinfo,,,"1.5.0_28-157",1317601688700
deactivated,workbench,org.eclipse.ui.workbench,3.5.1.M20090826-0800a,"",1317601701534
activated,workbench,org.eclipse.ui.workbench,3.5.1.M20090826-0800a,"",1317601720323
started,bundle,org.eclipse.ltk.core.refactoring,3.5.0.v20090513-2000,"org.eclipse.ltk.core.refactoring",1317601721542
started,bundle,org.eclipse.ltk.ui.refactoring,3.4.100.v20090604,"org.eclipse.ltk.ui.refactoring",1317601721807
started,bundle,org.eclipse.compare.core,3.5.0.I20090430-0408,"org.eclipse.compare.core",1317601722185
opened,editor,org.eclipse.jdt.ui,3.5.2.r352_v20100106-0800,"org.eclipse.jdt.ui.CompilationUnitEditor",1317601722266
activated,editor,org.eclipse.jdt.ui,3.5.2.r352_v20100106-0800,"org.eclipse.jdt.ui.CompilationUnitEditor",1317601722522
executed,command,org.eclipse.ui.ide,3.5.1.M20090826-0800,"org.eclipse.ui.edit.text.openLocalFile",1317601722712
executed,command,org.eclipse.ui,3.5.1.M20090902-1000,"org.eclipse.ui.edit.selectAll",1317601728022
executed,command,org.eclipse.ui,3.5.1.M20090902-1000,"org.eclipse.ui.edit.copy",1317601728618
activated,view,org.eclipse.jdt.ui,3.5.2.r352_v20100106-0800,"org.eclipse.jdt.ui.PackageExplorer",1317601731027
opened,editor,org.eclipse.jdt.ui,3.5.2.r352_v20100106-0800,"org.eclipse.jdt.ui.CompilationUnitEditor",1317601736678
activated,editor,org.eclipse.jdt.ui,3.5.2.r352_v20100106-0800,"org.eclipse.jdt.ui.CompilationUnitEditor",1317601736769
started,bundle,org.eclipse.jdt.junit,3.5.2.r352_v20100113-0800,"org.eclipse.jdt.junit",1317601736963
executed,command,org.eclipse.ui,3.5.1.M20090902-1000,"org.eclipse.ui.edit.selectAll",1317601737924
started,bundle,org.eclipse.core.variables,3.2.200.v20090521,"org.eclipse.core.variables",1317601738118
executed,command,org.eclipse.ui,3.5.1.M20090902-1000,"org.eclipse.ui.edit.paste",1317601738728
executed,command,org.eclipse.ui,3.5.1.M20090902-1000,"org.eclipse.ui.file.save",1317601739666
executed,command,org.eclipse.ui,3.5.1.M20090902-1000,"org.eclipse.ui.file.save",1317601827948
deactivated,workbench,org.eclipse.ui.workbench,3.5.1.M20090826-0800a,"",1317601862201
activated,workbench,org.eclipse.ui.workbench,3.5.1.M20090826-0800a,"",1317601877474
executed,command,org.eclipse.ui,3.5.1.M20090902-1000,"org.eclipse.ui.edit.paste",1317601880114
started,bundle,org.eclipse.mylyn.java.ui,3.2.3.v20100217-0100-e3x,"org.eclipse.mylyn.java.ui",1317601906458
executed,command,org.eclipse.ui,3.5.1.M20090902-1000,"org.eclipse.ui.file.save",1317601915478
started,bundle,org.eclipse.debug.ui,3.5.1.v20090811_r351,"org.eclipse.debug.ui",1317601917369
started,bundle,org.eclipse.jdt.debug,3.5.0.v20090526,"org.eclipse.jdt.debug",1317601917746
started,bundle,org.eclipse.jdt.debug.ui,3.4.1.v20090811_r351,"org.eclipse.jdt.debug.ui",1317601918072
opened,view,org.eclipse.ui.console,3.4.0.v20090513,"org.eclipse.ui.console.ConsoleView",1317601920596
activated,view,org.eclipse.ui.console,3.4.0.v20090513,"org.eclipse.ui.console.ConsoleView",1317601947443
activated,editor,org.eclipse.jdt.ui,3.5.2.r352_v20100106-0800,"org.eclipse.jdt.ui.CompilationUnitEditor",1317601958296
deactivated,workbench,org.eclipse.ui.workbench,3.5.1.M20090826-0800a,"",1317601961387
activated,workbench,org.eclipse.ui.workbench,3.5.1.M20090826-0800a,"",1317602000200
deactivated,workbench,org.eclipse.ui.workbench,3.5.1.M20090826-0800a,"",1317602000576
activated,workbench,org.eclipse.ui.workbench,3.5.1.M20090826-0800a,"",1317602003036
executed,command,org.eclipse.ui,3.5.1.M20090902-1000,"org.eclipse.ui.file.save",1317602016454
executed,command,org.eclipse.ui,3.5.1.M20090902-1000,"org.eclipse.ui.edit.undo",1317602346149
executed,command,org.eclipse.ui,3.5.1.M20090902-1000,"org.eclipse.ui.edit.undo",1317602348296
executed,command,org.eclipse.ui,3.5.1.M20090902-1000,"org.eclipse.ui.edit.undo",1317602348720
executed,command,org.eclipse.ui,3.5.1.M20090902-1000,"org.eclipse.ui.edit.undo",1317602349176
executed,command,org.eclipse.ui,3.5.1.M20090902-1000,"org.eclipse.ui.edit.undo",1317602349573
executed,command,org.eclipse.ui,3.5.1.M20090902-1000,"org.eclipse.ui.edit.undo",1317602350329
executed,command,org.eclipse.ui,3.5.1.M20090902-1000,"org.eclipse.ui.file.save",1317602351650
executed,command,org.eclipse.ui,3.5.1.M20090902-1000,"org.eclipse.ui.edit.copy",1317602356638
executed,command,org.eclipse.ui,3.5.1.M20090902-1000,"org.eclipse.ui.edit.paste",1317602360285
executed,command,,,"AUTOGEN:::org.eclipse.jdt.internal.ui.CompilationUnitEditor.ruler.actions/org.eclipse.jdt.internal.ui.javaeditor.JavaSelectRulerAction",1317602384654
executed,command,org.eclipse.ui,3.5.1.M20090902-1000,"org.eclipse.ui.file.save",1317602395505
executed,command,org.eclipse.ui,3.5.1.M20090902-1000,"org.eclipse.ui.edit.copy",1317602414953
executed,command,org.eclipse.ui,3.5.1.M20090902-1000,"org.eclipse.ui.edit.paste",1317602415656
executed,command,org.eclipse.ui,3.5.1.M20090902-1000,"org.eclipse.ui.file.save",1317602420491
executed,command,org.eclipse.ui,3.5.1.M20090902-1000,"org.eclipse.ui.edit.copy",1317602449370
started,bundle,org.eclipse.mylyn.java.tasks,3.2.3.v20100217-0100-e3x,"org.eclipse.mylyn.java.tasks",1317602449482
executed,command,org.eclipse.ui,3.5.1.M20090902-1000,"org.eclipse.ui.edit.paste",1317602450737
